{"mean": [722.4113709228734, 10143993592.265268, 2.0397640243065137e+23, 14708876130100.504, 82.86180014995806, 1.9080621381124376], "var": [1293768.271645587, 3.375572370138762e+20, 8.395820255849638e+48, 5.020533344169345e+26, 40008.62957255772, 3.976242941407146], "n_features_in": 6, "n_samples_seen": 1824000}