{"mean": [2.600806209673872, 1.658106994132412, 3.074635772534372e+48, 1569.365873756493, 130.56359138309276, -8.20393724255937e+24, 3.8365412631901477e+24, 7.69089382613337e+22, 3.5912297088800925e+22, 3.843339129858884e+23, 9017.877308647887, 2.190422847259921e+22, 1686.3929184437766, -7.49157887811082e+24, 31681097777288.02, 121.06966142590402, 9.5795502893994, 726653524893.2705, 65.11157483166959, 20490.536499822538, 0.16123132215525807, 1558.203575776664], "var": [4.395956595935788, 2.6293879959473903, 8.298810270098648e+100, 2846302.17093119, 79157.65388976186, 8.211252743691415e+49, 4.2252966252446904e+49, 8.032519521195625e+45, 3.0733460800661814e+48, 5.278532268970554e+47, 709974343.5400878, 5.698283025671592e+44, 3195064.9025542326, 7.184737195682172e+49, 1.1050047201109716e+27, 539.7803367303782, 90.45960820642958, 3.4758224993365467e+23, 4778.8569547931575, 719168890782.1707, 0.16835075648310455, 10509717.050381914], "n_features_in": 22, "n_samples_seen": 55412.0}